"Military expenditure by country, in millions of US$ at current prices and exchange rates, 2000-2022      © SIPRI 2022",,,,,,,,,,,,,,,,,,,,,,,,
"Figures are in US $m., in current prices, converted at the exchange rate for the given year.",,,,,,,,,,,,,,,,,,,,,,,,
Figures in blue are SIPRI estimates. Figures in red indicate highly uncertain data.,,,,,,,,,,,,,,,,,,,,,,,,
""". ."" = data unavailable. ""xxx"" = country did not exist or was not independent during all or part of the year in question.",,,,,,,,,,,,,,,,,,,,,,,,
,,,,,,,,,,,,,,,,,,,,,,,,
Country,Notes,2000,2001,2002,2003,2004,2005,2006,2007,2008,2009,2010,2011,2012,2013,2014,2015,2016,2017,2018,2019,2020,2021,2022
,,,,,,,,,,,,,,,,,,,,,,,,
Africa,,,,,,,,,,,,,,,,,,,,,,,,
North Africa,,,,,,,,,,,,,,,,,,,,,,,,
Algeria,§4,1881.2,2091.6,2100.6,2206.4,2802.2,2924.8,3094.0,3945.8,5172.3,5280.6,5671.3,8652.2,9326.3,10161.6,9724.4,10412.7,10217.1,10073.4,9583.7,10303.6,9708.3,9112.5,9145.8
Libya,‡§¶16,1085.5,819.7,452.5,541.4,685.1,690.9,614.4,639.1,1100.1,...,...,...,2987.4,3964.7,3755.7,...,...,...,...,...,...,...,...
Morocco,§17,859.2,1470.3,1474.9,1819.2,1937.5,2031.1,2134.6,2408.4,2945.0,3055.1,3160.8,3342.7,3402.7,4065.6,4048.6,3268.4,3327.0,3461.5,3696.9,3721.3,4831.0,5378.4,4995.0
Tunisia,,332.4,335.6,345.4,407.4,444.7,468.5,497.2,490.7,578.9,564.8,571.2,715.2,681.2,759.4,908.4,979.3,987.7,858.9,844.2,1000.9,1157.4,1250.5,1156.2
sub-Saharan Africa,,,,,,,,,,,,,,,,,,,,,,,,
Angola,§‖1,583.6,404.3,438.7,670.0,817.5,1365.1,1970.3,2032.4,3163.6,3311.2,3500.8,3639.5,4144.6,6090.8,6846.2,3608.3,2764.1,3062.9,1983.6,1470.9,993.6,981.5,1622.8
Benin,§,14.5,13.1,26.0,34.5,41.8,44.7,46.8,...,64.7,...,...,...,78.2,86.0,93.0,90.9,79.6,116.1,90.2,68.1,71.8,97.4,97.2
Botswana,,184.7,210.3,223.5,301.0,314.0,283.8,272.9,306.5,332.4,330.1,348.7,363.3,326.9,306.4,346.3,383.7,514.5,522.4,498.1,514.7,499.0,536.6,489.3
Burkina Faso,†,36.7,36.8,42.5,50.8,65.7,73.8,72.6,107.8,117.0,127.3,123.7,138.9,147.7,166.1,177.2,147.9,149.5,191.1,305.8,357.9,382.5,458.3,562.6
Burundi,‡,42.3,53.2,44.9,43.4,44.9,49.6,44.7,46.3,43.9,...,...,...,59.0,60.9,62.2,66.2,66.5,63.9,65.4,84.7,67.5,68.4,101.4
Cameroon,§,123.0,124.3,145.6,188.5,221.1,223.1,256.9,296.7,346.6,343.3,354.1,347.5,354.4,392.8,401.5,353.8,387.4,408.2,429.9,422.3,393.3,443.3,416.6
Cape Verde,,6.8,4.6,4.5,5.8,6.5,7.1,7.0,7.9,10.8,8.4,8.2,9.8,9.7,9.8,10.0,8.9,10.2,9.4,10.7,9.7,11.3,11.2,10.3
Central African Republic,14,...,...,10.7,15.0,15.1,15.4,...,19.1,31.5,36.0,51.6,49.9,42.7,47.9,38.4,26.7,26.8,27.5,30.5,40.8,44.3,55.5,42.0
Chad,§,21.3,26.2,34.3,40.9,50.5,55.5,223.0,389.1,611.4,738.9,615.8,609.7,...,726.5,392.4,221.0,309.6,219.1,253.2,234.7,322.9,331.0,357.4
"Congo, DR",§15,132.9,...,...,78.7,137.6,165.2,205.1,205.2,160.0,122.4,183.7,238.8,332.5,374.5,341.2,491.3,395.7,295.2,295.3,352.7,362.1,306.1,371.1
"Congo, Republic",§,...,54.4,70.7,93.8,124.3,100.9,126.6,168.1,207.7,...,218.4,...,...,367.1,704.9,...,501.8,371.9,292.3,300.0,298.4,313.1,265.8
Cote d'Ivoire,18,...,...,...,213.0,250.8,249.9,267.4,323.6,368.9,420.1,387.7,357.3,407.6,430.0,521.3,569.7,602.5,501.6,607.8,536.0,607.2,637.7,607.2
Djibouti,§,26.0,26.0,33.3,41.8,37.4,44.8,49.5,34.5,36.3,...,...,...,...,...,...,...,...,...,...,...,...,...,...
Equatorial Guinea,§,...,...,...,...,...,...,...,196.3,292.8,371.9,...,...,...,...,166.5,137.3,139.2,136.2,149.5,148.6,162.4,162.8,156.8
Eritrea,§‖19,230.7,166.6,150.8,181.6,...,...,...,...,...,...,...,...,...,...,...,...,...,...,...,...,...,...,...
Ethiopia,§,617.5,349.8,288.9,278.7,311.0,342.1,345.7,360.1,388.2,339.6,303.6,332.4,366.5,345.1,414.5,442.5,490.2,513.8,517.0,536.0,504.1,487.8,1031.4
Gabon,§20,91.3,90.0,94.7,108.4,125.1,118.1,130.2,...,...,...,268.7,266.0,278.1,282.2,208.1,170.4,202.8,267.4,261.2,266.9,263.5,311.5,277.7
"Gambia, The",‡§21,3.3,2.5,2.3,2.0,1.9,3.0,2.8,4.5,17.2,7.1,...,...,11.2,10.4,14.6,14.3,...,...,11.5,14.5,14.8,15.9,15.2
Ghana,‖22,50.9,32.4,37.0,53.2,56.4,64.2,75.7,126.1,113.7,118.3,122.5,234.3,337.3,255.0,252.7,190.5,161.8,189.1,218.4,233.3,239.9,298.3,229.3
Guinea,23,46.0,87.7,98.1,84.1,81.0,...,...,...,...,...,...,...,168.9,196.8,196.9,221.4,161.9,181.6,197.1,197.8,207.0,244.6,441.3
Guinea-Bissau,‖24,9.5,6.2,6.4,7.5,...,12.1,...,...,...,13.7,17.1,17.5,24.5,21.7,21.5,17.0,15.7,19.0,21.2,22.6,24.2,25.7,24.5
Kenya,†,165.6,195.4,213.9,245.9,259.8,316.8,375.8,494.7,580.0,578.1,622.0,646.7,840.1,860.6,819.0,843.7,933.1,1015.4,1113.6,1116.9,1115.3,1191.0,1138.3
Lesotho,§,30.6,23.4,19.6,27.4,31.4,33.6,35.2,39.8,27.4,47.4,70.7,58.2,53.2,47.9,47.7,44.0,41.5,52.6,51.1,44.8,38.6,37.0,34.7
Liberia,25,...,...,...,...,4.5,6.5,3.9,2.9,4.9,6.7,9.0,12.5,15.2,15.1,14.5,14.8,14.7,13.3,13.2,12.9,12.9,14.7,18.7
Madagascar,‖26,47.2,65.0,57.7,72.5,54.5,54.0,53.9,81.9,103.3,71.0,56.9,72.0,68.6,71.9,69.7,58.9,59.4,66.9,73.3,76.6,87.4,99.2,98.0
Malawi,,11.7,12.7,14.8,13.1,22.0,38.2,31.1,33.6,44.5,58.8,50.0,52.8,46.2,62.9,49.5,40.8,35.7,47.4,58.4,85.2,98.9,92.6,75.8
Mali,¶,43.7,44.9,49.4,66.8,77.4,86.5,96.0,110.4,142.9,144.4,146.8,161.1,148.9,153.8,218.1,309.2,362.4,460.2,481.7,475.6,593.9,652.9,515.1
Mauritania,§,37.9,51.9,36.3,62.4,0.0,66.7,81.9,...,123.3,114.8,...,...,142.3,144.2,144.8,132.9,136.1,143.8,159.0,162.4,198.5,230.9,225.4
Mauritius,†,9.4,9.0,9.5,10.9,10.9,10.9,10.8,11.6,15.6,15.3,14.9,17.5,16.7,23.2,19.7,17.1,22.0,22.6,23.0,22.1,18.5,19.7,20.3
Mozambique,‖27,55.4,50.6,53.5,59.8,77.6,62.2,57.4,68.6,83.7,84.3,99.2,118.9,139.1,157.9,173.8,134.0,110.5,129.3,196.5,217.5,288.3,310.0,281.9
Namibia,,92.4,96.8,88.0,129.4,167.0,192.1,199.6,228.2,266.3,299.5,396.5,443.6,412.2,390.0,537.5,518.2,425.4,456.1,455.6,414.1,368.2,400.2,369.1
Niger,,20.1,24.8,20.7,24.6,31.6,32.8,...,...,53.6,53.0,66.9,83.9,148.9,106.1,145.6,...,166.2,200.2,229.6,247.6,238.3,202.4,242.5
Nigeria,§28,368.6,570.6,896.9,587.5,640.0,674.2,776.1,972.9,1615.5,1504.5,1990.1,2384.9,2316.5,2418.8,2357.7,2065.6,1723.2,1621.2,2043.1,1860.3,2567.9,4466.4,3109.4
Rwanda,29,61.3,56.9,51.1,45.2,41.2,45.0,54.6,55.6,67.7,75.3,74.5,75.4,79.8,82.5,90.9,103.6,107.3,115.7,119.0,124.1,147.9,167.8,177.2
Senegal,§30,62.4,68.9,74.4,96.9,107.6,124.4,148.6,192.8,216.9,214.8,195.7,230.2,196.7,236.7,239.9,214.8,304.8,305.4,385.1,356.8,345.6,483.2,433.5
Seychelles,†,10.3,11.1,11.7,12.2,15.9,14.7,14.4,15.2,11.1,8.7,7.2,8.7,9.9,13.8,30.9,18.1,21.9,22.3,21.6,23.5,19.4,40.1,26.1
Sierra Leone,31,23.3,29.9,27.1,28.5,23.0,23.6,28.0,29.1,23.6,26.4,25.1,25.5,29.8,31.7,48.8,39.2,37.4,39.6,29.6,27.4,22.4,27.3,24.5
Somalia,32,...,...,...,...,...,...,...,...,...,...,...,...,...,26.1,60.3,46.6,47.7,61.8,76.6,71.7,98.2,111.0,115.1
South Africa,,1891.7,1802.3,1766.1,2574.2,3099.1,3567.0,3506.1,3526.7,3286.2,3592.7,4188.2,4594.2,4489.6,4118.2,3892.5,3488.9,3139.3,3591.5,3622.9,3435.4,3231.0,3393.9,2995.3
South Sudan,33,xxx,xxx,xxx,xxx,xxx,xxx,551.5,588.0,896.4,609.9,650.9,1052.7,988.2,982.0,1301.5,1151.9,135.3,72.4,149.1,186.5,128.9,213.2,378.8
Sudan,§‖34,587.3,388.1,484.6,398.1,1240.8,1165.0,1647.8,2427.1,3228.0,3180.5,...,...,...,...,...,2279.6,2748.5,4383.0,1047.9,722.3,934.3,375.2,...
Eswatini,‡35,24.5,19.7,18.3,31.9,42.7,59.5,58.5,61.9,66.7,75.9,102.0,106.6,90.6,86.0,81.4,73.5,80.5,87.8,95.9,86.5,76.8,83.2,74.3
Tanzania,,135.1,150.7,140.8,125.3,127.6,139.5,147.4,166.2,194.0,219.5,282.7,307.5,359.7,443.4,507.3,517.1,544.2,562.7,600.0,618.9,676.4,759.5,832.2
Togo,,...,...,...,28.8,31.7,33.2,...,...,57.0,55.1,56.8,59.0,62.9,72.4,83.1,70.0,82.0,88.4,104.4,170.6,163.9,198.8,336.6
Uganda,,141.3,136.2,142.2,152.4,196.0,216.7,218.5,252.1,311.9,293.5,608.7,607.1,351.8,300.1,325.7,306.1,318.6,346.8,408.4,647.6,984.8,1066.6,923.1
Zambia,§,...,...,...,...,98.3,139.5,205.9,232.3,278.1,221.0,280.2,309.1,346.3,381.3,443.6,372.4,299.5,339.7,378.0,292.1,212.1,217.6,326.1
Zimbabwe,§‖36,346.3,286.7,677.0,194.8,256.1,131.4,161.7,...,...,...,98.3,198.4,318.3,356.7,368.1,376.7,358.1,340.5,420.4,546.9,63.5,261.0,182.1
Americas,,,,,,,,,,,,,,,,,,,,,,,,
Central America and the Caribbean,,,,,,,,,,,,,,,,,,,,,,,,
Belize,,7.1,7.5,7.8,8.6,9.5,10.7,12.3,13.8,18.7,17.3,15.3,15.4,15.2,17.8,19.9,19.7,21.7,23.1,23.3,24.4,26.0,25.2,23.7
Costa Rica,37,0.0,0.0,0.0,0.0,0.0,0.0,0.0,0.0,0.0,0.0,0.0,0.0,0.0,0.0,0.0,0.0,0.0,0.0,0.0,0.0,0.0,0.0,0.0
Cuba,§38,...,...,...,296.9,62.0,78.6,76.6,83.4,89.1,92.5,94.3,93.7,126.9,119.4,125.6,118.4,123.7,122.6,128.6,...,...,...,...
Dominican Republic,,246.8,305.9,271.7,155.8,152.9,272.2,259.2,274.8,333.5,320.9,354.9,348.6,396.2,383.4,437.6,458.0,479.7,533.1,593.7,613.3,599.1,581.6,760.8
El Salvador,39,110.4,150.7,161.7,126.6,128.0,132.9,142.1,165.6,173.0,189.9,201.0,220.7,224.3,237.5,233.9,247.7,247.6,260.9,294.6,317.2,343.9,351.6,422.4
Guatemala,,157.8,196.8,158.4,178.8,114.9,104.5,130.5,135.9,166.5,147.4,169.8,197.4,224.4,249.8,245.7,252.5,290.9,275.0,273.1,331.9,342.8,341.8,430.6
Haiti,§40,0.0,0.0,0.0,0.0,0.0,0.0,0.0,0.0,0.0,0.0,0.0,0.0,0.0,5.2,5.4,7.4,6.5,7.4,14.0,11.3,26.4,20.9,12.6
Honduras,41,52.5,63.0,63.6,82.2,60.6,62.6,75.6,95.9,132.4,156.8,170.2,200.4,212.3,294.9,314.1,356.3,363.3,398.5,385.3,407.4,350.4,438.1,477.5
Jamaica,,43.6,46.4,56.9,54.8,54.5,59.3,72.6,83.5,130.7,114.8,115.6,133.6,137.6,128.4,121.3,123.9,137.6,143.5,209.7,266.0,236.9,217.6,215.1
Mexico,,3031.5,3229.5,3172.3,2960.5,2854.4,3123.5,3035.1,4223.0,4334.7,4514.2,4789.0,5498.5,5717.0,6473.1,6758.7,5468.8,5336.9,5062.1,5839.5,6650.8,8044.9,8680.8,8535.5
Nicaragua,42,30.8,28.2,34.8,35.3,32.6,34.1,37.3,39.5,42.7,41.7,44.3,51.5,70.1,74.5,81.4,98.9,85.1,86.7,81.6,76.9,79.3,77.9,84.2
Panama,43,0.0,0.0,0.0,0.0,0.0,0.0,0.0,0.0,0.0,0.0,0.0,0.0,0.0,0.0,0.0,0.0,0.0,0.0,0.0,0.0,0.0,0.0,0.0
Trinidad and Tobago,,...,13.9,19.5,33.7,75.9,97.8,115.6,124.8,139.1,138.5,143.1,146.1,168.8,211.2,188.9,202.1,216.3,201.8,166.0,172.5,170.2,209.3,201.1
North America,,,,,,,,,,,,,,,,,,,,,,,,
Canada,,8299.4,8375.6,8495.4,9958.2,11336.5,12988.1,14809.9,17417.1,19342.1,18936.2,19315.7,21393.7,20452.1,18515.7,17853.6,17937.6,17782.8,22269.7,22729.3,22394.9,23082.8,25362.2,26896.3
USA,44,320086.3,331805.6,378463.1,440532.1,492999.4,533203.0,558335.0,589586.0,656756.0,705917.0,738005.0,752288.0,725205.0,679229.0,647789.0,633829.6,639856.4,646752.9,682491.4,734344.1,778397.2,806230.2,876943.2
South America,,,,,,,,,,,,,,,,,,,,,,,,
Argentina,5,3266.6,3183.6,1114.2,1374.9,1465.8,1699.6,1847.6,2296.4,2789.0,2981.9,3475.3,4051.9,4563.2,5138.0,4979.4,5482.6,4509.6,5459.6,3842.9,3132.7,2830.9,3073.4,2577.6
Bolivia,10,173.2,188.9,157.3,173.4,166.4,164.0,167.9,195.4,327.1,305.4,335.6,403.6,499.9,564.5,625.9,580.6,519.3,574.1,602.9,593.2,510.5,569.9,640.3
Brazil,,11344.0,10930.2,9664.6,8392.9,9780.1,13588.6,16404.9,20485.8,24452.9,25648.8,34002.9,36936.2,33987.0,32874.8,32660.2,24617.7,24224.7,29261.8,28177.4,25906.9,19591.2,19187.1,20210.8
Chile,45,2103.5,1893.1,1779.6,2068.0,2687.3,3100.4,3855.4,4022.5,4641.9,3902.2,4894.1,5686.8,5466.1,5529.9,5102.8,4630.8,4796.0,5370.0,5545.8,5182.2,5286.2,6119.4,5566.5
Colombia,46,3027.9,3264.4,3347.5,3278.4,4056.9,4914.2,5326.7,6775.8,9051.1,9033.2,10422.1,10306.6,11706.3,12503.8,11846.0,9127.2,8676.0,10018.0,10134.7,10167.5,9554.1,10180.1,9937.7
Ecuador,47,266.0,384.0,505.0,739.0,710.0,954.0,950.0,1310.0,1646.0,1949.0,2094.0,2453.7,2589.8,2735.8,2786.5,2597.5,2513.2,2462.7,2549.4,2346.0,2356.3,2382.8,2488.6
Guyana,48,12.6,14.4,16.7,16.3,22.1,18.5,19.2,25.0,30.5,31.1,31.1,32.4,33.5,35.2,39.3,46.4,51.6,59.5,61.7,67.2,76.5,76.5,84.3
Paraguay,49,110.2,91.3,69.9,63.5,84.5,77.5,106.6,132.4,168.2,168.5,204.6,285.1,320.9,371.2,398.4,386.5,343.2,348.2,386.6,375.8,364.3,372.6,365.7
Peru,50,912.0,904.2,839.6,891.3,922.0,1203.0,1291.1,1332.7,1503.7,1848.6,2178.9,2355.2,2858.0,3305.5,3217.6,3312.2,2536.1,2665.8,2648.7,2766.8,2653.6,2657.5,2845.4
Uruguay,,556.0,523.0,344.3,269.5,279.3,347.3,392.8,416.0,567.7,577.1,755.7,824.8,924.6,1045.1,1034.5,969.9,988.2,1165.7,1271.1,1154.9,1091.5,1258.3,1375.6
Venezuela,‖51,1788.3,1911.4,1071.4,987.9,1448.7,2665.4,3630.1,4351.6,5660.5,4055.4,3991.2,3577.5,5114.8,6199.7,1554.7,320.5,218.2,2127.9,763.6,4.1,2.6,2.0,4.6
Asia & Oceania,,,,,,,,,,,,,,,,,,,,,,,,
Oceania,,,,,,,,,,,,,,,,,,,,,,,,
Australia,,7273.8,7043.1,7946.8,9926.6,11995.2,13237.8,14239.8,17186.4,18633.1,18960.1,23217.7,26597.2,26216.6,24825.3,25783.7,24046.2,26382.9,27691.1,26839.8,26079.3,27300.9,32718.1,32298.9
Fiji,†68,32.0,32.8,30.9,37.3,46.8,43.1,54.1,75.6,53.6,51.3,50.4,60.8,59.2,58.1,74.8,42.6,54.4,75.3,81.4,79.0,71.2,68.8,66.8
New Zealand,,858.4,796.6,865.8,1091.1,1193.5,1290.6,1359.5,1591.7,1535.0,1462.0,1756.9,1937.7,1953.1,1952.4,1994.8,1734.8,1921.8,2145.3,2302.3,2726.2,2810.2,2905.6,2829.1
Papua New Guinea,¶69,33.6,25.2,17.0,19.3,24.4,30.5,31.3,39.3,39.3,52.0,46.3,64.2,110.6,105.1,112.4,99.8,79.1,80.9,80.0,91.7,93.5,88.7,97.5
South Asia,,,,,,,,,,,,,,,,,,,,,,,,
Afghanistan,2,...,...,...,...,125.1,122.7,131.3,219.6,240.5,251.9,298.1,325.8,238.6,217.2,268.2,199.5,185.9,191.4,198.1,226.3,279.6,278.3,...
Bangladesh,9,740.8,705.5,681.8,719.4,770.6,773.7,829.7,953.5,1030.0,1258.8,1624.6,1801.5,1823.4,2048.0,2356.0,2815.3,3239.8,3266.0,3649.6,4348.5,4651.2,4965.8,4806.3
India,59,14287.5,14600.6,14749.7,16334.0,20238.6,23072.3,23951.9,28254.8,33002.4,38722.2,46090.4,49633.8,47216.9,47403.5,50914.1,51295.5,56637.6,64559.4,66257.8,71468.9,72937.1,76348.5,81363.2
Nepal,¶,51.4,64.7,85.4,102.9,130.7,159.3,157.2,169.6,187.1,209.7,255.0,284.5,256.7,281.0,328.1,323.8,356.5,436.7,429.4,428.7,434.4,450.7,428.3
Pakistan,60,2973.1,2842.0,3273.4,3722.8,4128.2,4587.1,4969.2,5342.6,5226.7,5274.6,5974.6,6954.8,7478.8,7655.7,8676.5,9506.4,10004.7,11490.4,11745.3,10399.2,10408.1,11836.4,10337.5
Sri Lanka,61,822.1,675.0,571.7,541.7,619.3,644.2,791.5,1054.8,1511.4,1522.2,1532.0,1753.3,1474.9,1600.8,1914.6,2057.9,1741.5,1866.5,1638.9,1560.1,1486.4,1702.9,1053.5
East Asia,,,,,,,,,,,,,,,,,,,,,,,,
China,55,22237.1,26561.5,30284.1,33144.0,37904.6,42790.0,51453.4,62136.6,78840.8,96601.7,105522.6,125286.4,145127.6,164070.5,182109.2,196538.8,198538.4,210443.0,232530.6,240332.6,257973.4,285930.5,291958.4
Japan,56,45509.7,40758.0,39333.7,42486.2,45339.8,44300.6,41552.6,40530.0,46361.5,51465.2,54655.5,60762.2,60011.5,49023.9,46903.5,42106.1,46471.3,45058.5,48535.9,50778.0,51396.5,50957.5,45992.1
"Korea, North",57,0.0,0.0,0.0,0.0,0.0,0.0,0.0,0.0,0.0,0.0,0.0,0.0,0.0,0.0,824.4,869.6,912.6,961.5,1604.4,...,...,...,...
"Korea, South",58,13801.1,12941.9,14101.7,15847.0,17829.9,22159.5,25177.2,27726.1,26072.4,24575.7,28175.2,30991.7,31951.8,34311.2,37552.3,36570.8,36885.3,39170.7,43070.0,44102.2,46117.1,50873.8,46365.4
Mongolia,,24.3,23.1,25.3,24.3,27.7,29.8,39.2,56.6,66.7,37.6,54.9,87.2,113.6,103.5,105.1,101.7,96.4,87.5,96.1,99.7,112.2,108.3,118.4
Taiwan,†¶104,8800.6,7982.2,7531.5,7472.8,7833.2,8011.3,7645.0,8157.2,8960.2,9122.8,9092.3,9998.2,10496.8,9964.3,9802.4,9803.3,9663.7,10480.0,10504.8,10993.2,11859.2,12894.0,12508.6
South East Asia,,,,,,,,,,,,,,,,,,,,,,,,
Brunei,§12,244.2,217.7,226.2,243.4,199.4,248.6,293.4,323.1,362.0,349.8,390.7,415.4,411.3,412.1,527.8,424.0,403.4,346.7,357.7,414.7,436.5,453.3,435.9
Cambodia,,81.0,70.8,65.2,67.5,69.2,71.0,75.9,79.0,82.6,136.6,167.9,192.2,217.3,243.5,278.0,325.2,382.2,458.3,543.2,595.4,621.3,630.4,611.0
Indonesia,62,1129.5,919.0,1369.9,2134.7,2428.9,2146.3,2611.9,3348.8,3232.2,3304.5,4663.4,5838.0,6531.1,8384.0,6929.2,7595.0,7396.6,8797.5,7493.7,8154.2,9387.0,8802.5,8986.6
Laos,§,13.7,12.6,11.4,11.0,11.5,12.0,13.4,14.8,16.3,14.0,15.4,19.0,20.3,22.7,...,...,...,...,...,...,...,...,...
Malaysia,63,1533.2,1934.5,2237.9,2881.6,2823.2,3120.3,3266.2,3970.5,4411.8,3964.8,3854.3,4692.5,4507.3,4915.7,4919.2,4532.1,4169.4,3494.8,3445.0,3265.3,3374.6,3675.5,3670.7
Myanmar,§¶64,9030.6,9464.4,11000.4,24189.1,29853.9,32954.3,...,...,...,...,...,...,2969.2,2367.0,2372.9,2552.4,2455.8,2222.0,1529.4,1532.1,2498.2,2107.8,1856.9
Philippines,65,1303.1,1122.1,1199.1,1301.3,1243.2,1372.7,1607.3,2014.4,2270.9,2115.8,2438.2,2701.5,2898.7,3377.0,3103.1,3335.6,3331.5,3836.5,4107.4,4268.1,4693.1,5546.1,3965.4
Singapore,,4330.7,4309.1,4528.1,4723.7,5043.4,5463.8,5830.5,6518.5,7454.3,7537.8,8108.9,8922.3,9171.9,9345.7,9596.6,9383.8,9873.3,10178.7,10581.9,10402.6,9801.6,11054.8,11687.6
Thailand,§,1881.0,1724.8,1813.0,1891.5,1866.9,1984.5,2441.9,3522.6,4466.0,4799.7,4962.4,5513.0,5491.9,5901.3,5729.8,5724.8,5876.3,6320.7,6876.1,7286.1,7268.8,6618.1,5724.4
Timor Leste,§66,xxx,xxx,...,...,...,8.2,17.1,23.7,23.7,36.5,26.4,20.5,33.4,31.7,29.6,37.0,26.2,25.4,20.6,34.4,38.5,39.2,44.3
Viet Nam,§67,...,...,...,841.9,915.1,1026.4,1286.5,1784.2,2137.6,2401.5,2672.3,2686.5,3360.9,3727.2,4255.7,4562.6,5017.4,5073.9,5500.0,...,...,...,...
Central Asia,,,,,,,,,,,,,,,,,,,,,,,,
Kazakhstan,†,143.5,221.5,246.0,317.6,426.4,592.0,793.0,1359.8,1540.8,1271.9,1501.8,1804.0,2177.5,2551.1,2306.5,0.0,1281.1,1390.6,1498.4,1853.5,1548.2,1617.8,1133.0
Kyrgyz Republic,52,25.8,22.2,25.9,32.6,37.2,39.7,47.2,50.9,61.1,67.2,77.2,86.4,107.5,119.0,128.0,117.0,115.6,121.5,127.1,128.9,131.1,133.3,149.8
Tajikistan,§,10.4,12.5,25.6,34.8,45.1,...,...,...,52.5,47.5,53.8,71.3,76.3,...,104.3,100.7,84.6,78.3,81.4,84.3,80.4,81.7,103.5
Turkmenistan,§53,...,...,...,...,...,...,...,...,...,...,...,...,...,...,...,...,...,...,...,...,...,...,...
Uzbekistan,§54,115.4,59.8,45.9,54.1,...,...,...,...,...,...,...,...,...,...,...,...,...,...,1440.4,...,...,...,...
Europe,,,,,,,,,,,,,,,,,,,,,,,,
Central Europe,,,,,,,,,,,,,,,,,,,,,,,,
Albania,§¶3,45.4,53.2,58.6,76.1,100.9,110.1,141.0,194.8,255.7,182.7,185.9,197.0,183.2,180.0,178.1,132.4,130.9,144.4,175.9,197.2,196.6,222.8,288.7
Bosnia and Herzegovina,†§¶11,...,...,241.0,202.3,200.1,173.3,178.4,195.0,233.3,242.5,219.9,211.9,197.3,197.6,190.4,162.2,157.9,156.3,172.1,165.4,167.5,209.7,184.5
Bulgaria,†13,351.3,406.0,456.0,569.1,620.9,667.7,715.7,990.2,1161.5,905.0,832.5,757.9,722.1,811.6,747.5,632.5,670.6,720.0,961.3,2158.6,1119.0,1275.2,1336.0
Croatia,70,659.8,629.5,733.7,709.4,730.9,799.2,849.4,978.9,1296.0,1129.1,1015.9,1106.5,955.3,957.0,1063.5,883.2,836.7,920.8,966.4,1001.8,980.8,1361.2,1308.5
Czechia,71,1157.3,1182.5,1494.4,1885.7,2042.1,2439.5,2450.0,2707.7,2918.7,2718.6,2497.9,2474.3,2220.6,2148.8,2022.9,1779.9,1954.9,2077.7,2710.0,2910.3,3252.5,3935.6,4005.4
Czechoslovakia,72,xxx,xxx,xxx,xxx,xxx,xxx,xxx,xxx,xxx,xxx,xxx,xxx,xxx,xxx,xxx,xxx,xxx,xxx,xxx,xxx,xxx,xxx,xxx
Estonia,‖73,78.3,93.8,122.1,171.4,205.0,204.5,236.3,372.0,429.7,353.4,332.2,389.2,436.9,479.3,512.1,463.6,497.7,537.4,614.9,637.0,718.1,748.6,810.9
German Democratic Republic,74,xxx,xxx,xxx,xxx,xxx,xxx,xxx,xxx,xxx,xxx,xxx,xxx,xxx,xxx,xxx,xxx,xxx,xxx,xxx,xxx,xxx,xxx,xxx
Hungary,,715.9,845.1,1079.2,1401.6,1532.6,1596.1,1410.1,1776.5,1867.9,1475.8,1350.8,1472.1,1322.3,1280.1,1209.8,1132.5,1288.7,1702.6,1615.6,2190.6,2768.4,3060.1,2572.2
Kosovo,,xxx,xxx,xxx,xxx,xxx,xxx,xxx,xxx,0.9,27.2,38.6,51.0,43.4,48.6,53.6,50.0,51.9,57.3,63.3,65.7,79.0,79.6,107.6
Latvia,‖75,70.0,87.0,147.2,189.1,229.4,272.6,367.8,481.5,581.8,363.8,259.7,296.8,255.7,283.6,295.7,282.7,404.6,482.5,709.4,691.9,742.0,823.1,848.8
Lithuania,‖,140.4,166.9,181.5,210.8,270.8,303.8,351.6,442.0,541.4,404.8,326.3,344.6,328.6,354.9,426.9,471.2,635.4,812.1,1056.4,1093.8,1174.1,1306.8,1732.3
North Macedonia,†77,69.8,226.3,106.3,115.8,135.3,127.0,126.0,162.6,172.7,158.7,130.0,132.5,119.4,126.5,124.2,100.0,103.5,100.8,119.6,146.1,153.5,205.6,225.0
Montenegro,76,xxx,xxx,xxx,xxx,xxx,60.8,62.3,64.2,85.1,76.7,75.1,79.4,67.7,64.8,67.5,56.9,61.7,65.7,75.4,74.0,82.9,91.1,98.0
Poland,78,3146.1,3630.6,3776.2,4150.3,4778.6,5896.4,6619.4,8589.1,9349.4,7903.8,8790.2,9455.4,8986.8,9275.7,10345.2,10212.8,9164.2,9870.7,12040.7,11786.2,13368.4,15112.5,16573.1
Romania,¶‖,935.6,985.7,1056.1,1250.3,1530.2,1976.0,2251.5,2607.7,3000.4,2225.1,2086.2,2379.9,2102.9,2452.5,2691.5,2580.6,2644.2,3622.1,4359.0,4613.0,5052.3,5300.0,5186.7
Serbia,79,337.1,494.1,678.5,730.6,739.2,629.5,705.1,971.6,1111.6,974.3,872.3,987.0,853.6,919.8,913.4,724.2,710.4,801.7,817.7,1143.8,1121.2,1270.8,1426.4
Slovakia,‖,342.3,394.0,440.1,624.5,711.3,823.3,911.4,1139.2,1411.7,1350.3,1137.7,1064.8,1020.2,967.9,997.7,985.9,1003.0,1049.1,1296.0,1802.5,2047.2,2064.8,1994.2
Slovenia,‖,222.4,271.5,327.0,416.9,493.2,514.2,608.8,692.7,829.4,798.9,772.1,665.7,543.5,506.7,486.2,400.8,449.2,473.8,529.5,572.9,567.7,762.8,735.2
Yugoslavia,80,xxx,xxx,xxx,xxx,xxx,xxx,xxx,xxx,xxx,xxx,xxx,xxx,xxx,xxx,xxx,xxx,xxx,xxx,xxx,xxx,xxx,xxx,xxx
Eastern Europe,,,,,,,,,,,,,,,,,,,,,,,,
Armenia,†6,68.1,66.2,64.1,76.6,98.1,140.7,188.2,280.1,396.0,359.5,395.0,390.9,380.6,444.6,457.8,447.4,431.4,443.6,513.3,652.0,634.0,619.4,795.2
Azerbaijan,‖7,119.6,132.0,139.9,176.6,228.2,304.5,717.1,946.6,1607.8,1472.9,1476.6,3080.1,3246.1,3367.6,3427.2,2900.6,1397.0,1528.9,1672.2,1854.2,2237.8,2703.2,2991.0
Belarus,,140.3,177.7,204.4,231.6,314.3,452.7,631.8,746.9,883.0,675.4,767.7,756.3,807.4,959.8,1000.0,709.9,592.2,625.6,709.7,773.7,707.4,762.8,820.8
Georgia,†§81,18.8,23.8,34.0,42.6,70.4,214.1,404.2,931.8,1090.2,603.7,454.2,468.8,492.0,441.9,415.6,299.5,315.2,321.1,333.9,310.6,287.9,300.5,360.3
Moldova,†¶82,5.1,6.0,7.0,8.2,9.4,12.0,16.4,22.7,36.8,24.9,18.3,23.0,23.9,26.7,27.6,23.1,27.4,30.9,37.4,43.0,44.5,52.3,47.7
Russia,83,9228.2,11683.2,13943.8,16973.7,20955.4,27337.0,34517.8,43535.0,56183.8,51532.1,58720.2,70237.5,81469.4,88352.9,84696.5,66421.8,69245.3,66913.0,61609.2,65201.3,61712.5,65907.7,86373.1
Ukraine,84,696.4,741.7,872.4,1104.8,1322.2,2072.3,2572.9,3528.8,4144.7,2320.4,2587.4,2502.3,2835.9,2895.0,2997.2,2959.6,2943.8,3246.8,4169.7,5419.1,5924.2,5942.8,43997.7
USSR,,xxx,xxx,xxx,xxx,xxx,xxx,xxx,xxx,xxx,xxx,xxx,xxx,xxx,xxx,xxx,xxx,xxx,xxx,xxx,xxx,xxx,xxx,xxx
Western Europe,,,,,,,,,,,,,,,,,,,,,,,,
Austria,,1925.6,1788.8,1881.7,2382.0,2679.3,2686.2,2640.2,3499.8,3746.7,3334.8,3218.4,3409.7,3187.2,3229.1,3305.2,2665.4,2885.9,3153.1,3388.0,3336.5,3840.1,4196.4,3625.6
Belgium,,3190.8,3036.0,3147.1,3875.7,4262.7,4228.2,4307.9,5164.0,6295.8,5620.7,5244.7,5499.4,5169.0,5263.2,5191.5,4202.1,4255.5,4432.8,4840.1,4761.2,5317.5,6239.4,6867.0
Cyprus,†§,281.2,327.6,242.5,288.4,338.5,380.9,387.7,405.2,453.8,471.4,477.6,479.7,414.5,384.9,357.8,327.9,295.4,359.1,450.4,463.6,483.4,541.8,494.2
Denmark,,2392.5,2525.2,2694.1,3199.2,3578.8,3468.5,3896.7,4175.7,4788.0,4337.4,4503.5,4518.6,4422.5,4216.6,4056.9,3364.0,3592.7,3764.0,4558.7,4487.8,4887.2,5273.7,5467.9
Finland,85,1558.1,1479.3,1611.4,2475.1,2892.9,2999.4,3128.5,3296.6,3958.1,3940.6,3717.2,4099.5,3943.2,4161.1,3985.5,3399.1,3415.0,3431.1,3754.6,3635.2,3868.7,3752.4,4822.9
France,101,28403.1,27951.6,30578.4,38569.1,44524.6,44442.1,45792.1,50684.5,55366.0,56441.5,52044.1,54120.9,50216.5,52001.5,53134.8,45647.5,47370.6,49195.7,51409.8,50118.9,52747.1,56647.0,53638.7
Germany,,26497.6,25815.4,27611.4,32997.4,35776.6,30325.0,35883.7,40110.9,45099.0,44528.9,43025.9,45163.2,43798.2,44242.6,44662.8,38170.0,39909.7,42281.1,46497.7,49079.4,53318.7,56513.1,55759.7
Greece,,4564.5,4428.1,4734.2,5035.6,6267.5,7028.4,7607.2,8533.1,10574.1,10641.3,8163.6,7128.6,5915.0,5655.2,5531.3,4818.1,4963.5,5088.2,5757.1,5383.1,5773.3,8299.9,8104.9
Iceland,86,0.0,0.0,0.0,0.0,0.0,0.0,0.0,0.0,0.0,0.0,0.0,0.0,0.0,0.0,0.0,0.0,0.0,0.0,0.0,0.0,0.0,0.0,0.0
Ireland,,694.7,767.8,811.3,965.2,1101.9,1145.0,1190.4,1372.2,1582.9,1415.7,1274.2,1300.3,1157.5,1195.8,1192.7,997.0,1001.6,1025.1,1107.1,1112.7,1144.4,1267.7,1164.3
Italy,87,19878.7,19519.4,21610.1,26824.2,30261.1,29737.6,29633.0,31982.4,36840.0,34054.5,32020.8,33828.8,29781.0,29957.4,27701.0,22180.8,25033.0,26447.9,28420.1,26380.7,32929.1,36249.3,33489.7
Luxembourg,88,115.7,144.7,138.6,179.5,212.0,220.2,223.3,258.4,213.9,201.4,247.7,232.2,214.6,233.7,252.1,249.5,235.6,323.1,355.3,381.8,425.2,403.3,564.6
Malta,†‖,25.4,27.1,28.4,34.1,40.5,52.5,44.4,49.3,56.0,59.1,58.7,55.9,49.9,53.8,56.5,51.8,59.7,64.2,66.9,80.3,86.3,88.0,87.0
Netherlands,,5971.8,6200.4,6728.2,8356.3,9377.1,9567.0,10217.8,11480.4,12374.8,12131.8,11220.5,11647.9,10364.7,10226.3,10332.6,8667.8,9115.2,9580.7,11114.9,12000.7,13085.7,13941.6,15606.6
Norway,,2922.3,2966.0,4065.9,4517.5,4887.4,4884.9,5011.7,5875.3,6370.9,6195.6,6498.7,7232.3,7144.0,7391.8,7336.8,5815.2,5997.4,6853.3,7541.1,7542.1,7225.2,8435.1,8388.4
Portugal,,1664.7,1755.7,1965.2,2363.3,2847.2,3142.6,3153.8,3309.4,3714.8,3738.3,3540.2,3651.9,3040.0,3262.3,3002.4,2643.9,3178.3,2719.7,3245.9,3299.4,3268.0,3896.6,3500.3
Spain,89,10273.8,10222.1,10270.8,12880.5,15262.5,15997.7,17252.2,20065.7,22227.7,20178.3,19710.8,19695.4,18860.6,17243.0,17178.5,15187.2,14014.4,16043.5,17823.3,17189.3,17431.8,19544.5,20306.6
Sweden,,4789.4,4128.0,4354.6,5305.6,5514.7,5518.5,5577.2,6386.2,6024.8,5063.0,5885.9,6324.7,6243.7,6528.7,6555.5,5386.9,5427.5,5526.6,5732.8,5839.6,6271.3,7582.6,7722.5
Switzerland,†¶90,2800.1,2763.7,2882.7,3270.3,3503.8,3484.6,3329.0,3524.7,4098.5,4055.5,4115.4,4973.9,4592.2,5032.9,4612.8,4521.1,4571.3,4628.4,4736.8,5021.9,6389.7,6214.0,6145.2
UK,91,39343.7,39512.6,44245.3,52343.1,60250.8,61653.6,64217.6,73448.0,72915.4,64010.5,63979.1,66569.6,65452.5,63837.7,66995.5,59990.2,53327.4,52075.0,55832.9,56567.6,58332.4,67500.7,68462.6
European Union,†¶103,xxx,xxx,xxx,xxx,xxx,xxx,xxx,xxx,xxx,xxx,xxx,xxx,xxx,xxx,xxx,xxx,xxx,xxx,xxx,xxx,xxx,xxx,1283.2
Middle East,,,,,,,,,,,,,,,,,,,,,,,,
Bahrain,8,359.0,372.3,444.1,516.0,531.9,513.3,574.2,642.6,719.9,828.2,842.8,1033.5,1182.2,1347.6,1475.3,1442.0,1505.5,1532.7,1527.7,1557.7,1404.8,1381.4,1381.3
Egypt,§¶,2627.7,2834.3,2902.8,2383.9,2369.7,2659.4,2952.5,3306.9,3779.9,4017.4,4407.3,4464.0,4557.7,4359.8,5085.1,5475.5,4513.0,2765.6,3119.6,3743.7,4505.4,5165.4,4645.9
Iran,92,8327.1,10378.8,3243.9,3717.1,5243.6,6796.7,8751.5,9330.9,11082.0,12584.6,13561.3,14277.7,16494.0,11997.2,9901.1,10588.8,12264.0,13931.2,11230.9,4598.3,3033.3,5392.0,6846.6
Iraq,§¶93,...,...,...,...,613.7,1120.3,1236.1,1989.9,3116.3,3237.2,3752.9,4278.6,4141.1,7780.2,6923.6,9604.2,5970.4,7416.4,6318.0,7598.8,5649.4,4771.0,4683.1
Israel,94,8327.5,8504.3,7981.5,8225.3,8605.1,8921.9,9315.3,11382.2,13803.7,12754.2,13875.2,15100.1,14524.4,16247.8,17737.4,16457.1,17434.6,19357.0,19899.8,20339.2,21816.6,24341.0,23406.1
Jordan,†,529.3,528.9,521.9,611.8,586.7,603.7,701.6,1032.4,1358.4,1568.3,1557.9,1594.8,1472.8,1444.9,1548.9,1614.9,1769.4,1939.7,1957.7,2032.1,2055.9,2176.8,2323.3
Kuwait,95,2697.1,2685.7,2821.5,3130.7,3450.1,3509.4,3597.8,4115.7,4430.3,4208.9,4335.2,5393.5,5941.5,5697.9,5832.1,5735.1,6446.7,6764.6,7165.3,7373.5,6941.0,9024.3,8244.1
Lebanon,§,930.0,958.5,907.5,923.4,954.6,962.5,1009.0,1152.2,1169.5,1426.2,1585.4,1626.5,1757.2,1935.7,2270.1,2239.4,2606.5,2441.1,2775.6,2521.2,1921.4,1914.5,4739.0
Oman,‡96,1577.2,1819.9,1868.5,1969.3,2230.7,2739.0,3022.6,3244.6,3462.5,3367.5,3671.4,5000.7,9250.7,8766.3,8213.5,7533.6,7936.0,6802.7,7565.3,6551.0,6095.7,5783.6,5783.5
Qatar,§102,...,...,761.0,784.6,772.4,887.5,1065.7,1562.2,2317.5,1948.4,1876.8,...,...,...,...,...,...,...,...,...,...,11593.4,15412.1
Saudi Arabia,97,19964.3,21026.7,18501.9,18747.5,20910.4,25392.0,29580.5,35469.5,38222.9,41267.2,45244.5,48530.9,56497.9,67020.0,80762.4,87185.9,63672.8,70400.0,74612.3,65362.7,64558.4,63194.7,75013.3
Syria,§,897.0,1022.5,1102.9,1436.2,1388.5,1450.3,1435.2,1599.0,1732.4,2182.0,2346.0,2494.9,...,...,...,...,...,...,...,...,...,...,...
Türkiye,‖,9993.7,7216.1,9050.4,10277.9,10920.8,12081.2,13036.5,14987.8,16809.6,16047.5,17650.5,17006.5,17694.3,18427.6,17576.5,15668.8,17827.7,17822.7,19648.7,20436.9,17478.4,15567.4,10644.6
United Arab Emirates,§98,5875.8,5798.0,5354.1,5834.7,6816.9,6604.2,7165.4,8461.0,11571.7,13836.4,17504.7,19181.8,19024.1,23561.1,22755.1,...,...,...,...,...,...,...,...
"Yemen, North",§100,xxx,xxx,xxx,xxx,xxx,xxx,xxx,xxx,xxx,xxx,xxx,xxx,xxx,xxx,xxx,xxx,xxx,xxx,xxx,xxx,xxx,xxx,xxx
Yemen,§99,473.7,540.1,737.4,807.3,735.5,815.6,822.1,1050.5,1196.4,1420.8,1448.2,1612.3,1618.8,1648.8,1714.8,...,...,...,...,...,...,...,...
